"Week.ending","ILIplus_H1H1","ILIplus_H3N2","ILIplus_B"
"1998-01-04",0.000279751847392739,0.00867230726917492,0
"1998-01-11",0.000466619168546256,0.00521058071543319,0
"1998-01-18",0.000259668995491803,0.00616713864293033,0.000129834497745902
"1998-01-25",0.000417815125295508,0.0107796302326241,0
"1998-02-01",0.000722804481282051,0.0123909339648352,0
"1998-02-08",0.000172230544158416,0.0140367893489109,0
"1998-02-15",0.0003553384375,0.019810117890625,0.00017766921875
"1998-02-22",0.000422374306778169,0.0243287600704225,8.44748613556338e-05
"1998-03-01",8.20457707198953e-05,0.0350335440973953,0.000164091541439791
"1998-03-08",0.000424218960808081,0.0393463086149495,0.00010605474020202
"1998-03-15",0.000194002873717754,0.0285184224365099,0.000291004310576631
"1998-03-22",0.000321747035352941,0.0227367904982745,0.000428996047137255
"1998-03-29",0,0.0170680937557823,0.00066155402154195
"1998-04-05",0,0.0103572357128862,0.000183313906422764
"1998-04-12",0.000135783612727273,0.00638182979818182,0.000407350838181818
"1998-04-19",0,0.00393949526911661,0.000135844664452297
"1998-04-26",0,0.0014381703665625,0.000319593414791667
"1998-05-03",0,0.00262295081940984,0.00032786885242623
"1998-05-10",0,0.00441872873977273,0.000378748177694805
"1998-05-17",0,0.00479845826383721,0.00042339337622093
"1998-05-24",0,0.00411793995368421,0.00060557940495356
"1998-05-31",0,0.00571479704311046,0.000112054843982558
"1998-06-07",0,0.0051939120840118,0.000633403912684366
"1998-06-14",0,0.00291805094160714,0.000470653377678571
"1998-06-21",0,0.00495741329829897,0.000777633458556701
"1998-06-28",8.33350939373602e-05,0.00458343016655481,0.0012500264090604
"1998-07-05",0,0.00505492355848168,0.000745808393874346
"1998-07-12",0,0.00447892389977117,0.00108111956201373
"1998-07-19",0,0.00660101733696602,0.00206897558322815
"1998-07-26",0,0.00394804985680191,0.00110545395990453
"1998-08-02",0,0.00601281978554622,0.00147484258890756
"1998-08-09",0,0.00434189707528736,0.00266116272356322
"1998-08-16",0,0.00243408709375,0.0020045423125
"1998-08-23",0,0.0021934634787234,0.000731154492907801
"1998-08-30",0,0.00272428581839117,0.00153981372343849
"1998-09-06",0,0.00185435145583893,0.000618117151946309
"1998-09-13",0,0.00148693514052288,0.000446080542156863
"1998-09-20",0,0.000988060609323529,0.000564606062470588
"1998-09-27",0,0.000552701736094675,0.000138175434023669
"1998-10-04",0.000168664869055118,0.000843324345275591,0.000168664869055118
"1998-10-11",0,0.000142086324541985,0.000284172649083969
"1998-10-18",0,0.000184479753192488,0.000184479753192488
"1998-10-25",0,0.000356555128869565,0.000178277564434783
"1998-11-01",0,0,0
"1998-11-08",0,0,0.000200318175258216
"1998-11-15",0,0.000404248076202532,0
"1998-11-22",0.000205688346695652,0.000205688346695652,0
"1998-11-29",0,0.000212146123224299,0.000212146123224299
"1998-12-06",0,0.000671147764310345,0.000223715921436782
"1998-12-13",0,0.000691224208888889,0
"1998-12-20",0,0.000188423021949153,0.000188423021949153
"1998-12-27",0,0.000714592267988166,0
"1999-01-03",0,0.00333072100280172,0.00019592476487069
"1999-01-10",0,0.0071459976293617,0.000198499934148936
"1999-01-17",0.000189696386585366,0.0111920868085366,0.000379392773170732
"1999-01-24",0,0.0274915389929961,0.000808574676264591
"1999-01-31",0,0.0418192008648036,0.000743452459818731
"1999-02-07",0,0.0349115137030747,0.000935129831332357
"1999-02-14",0,0.0331271375302941,0.000504474175588235
"1999-02-21",0,0.028619628132526,0.00161237341591696
"1999-02-28",0,0.0111195759644118,0.000722050387299465
"1999-03-07",0,0.00329086789236111,0.000493630183854167
"1999-03-14",0,0.00247769189261364,0.00132143567606061
"1999-03-21",0,0.002354964115,0.0018503289475
"1999-03-28",0.000176594950872727,0.00282551921396364,0.00353189901745455
"1999-04-04",0.000277218868785714,0.00180192264710714,0.00263357925346429
"1999-04-11",0.000146956598802817,0.00102869619161972,0.0017634791856338
"1999-04-18",0,0.00360756748491713,0.00253865860049724
"1999-04-25",0,0.00095112029245283,0.00301188092610063
"1999-05-02",0,0.00201088841288136,0.00262962330915254
"1999-05-09",0,0.00133259492560694,0.00230175487150289
"1999-05-16",0,0.00036802164509434,0.00134941269867925
"1999-05-23",0,0.0018790343972093,0.000939517198604651
"1999-05-30",0,0.001169239994,0.00155898665866667
"1999-06-06",0,0.00223220818525672,0.00183828909374083
"1999-06-13",0,0.000655352985579515,0.00104856477692722
"1999-06-20",0,0.000772479281629393,0.00108147099428115
"1999-06-27",0,0.00270961631716981,0.00129590345603774
"1999-07-04",0,0.00256861285141509,0.00128430642570755
"1999-07-11",0,0.00455799590835655,0.00047151681810585
"1999-07-18",0,0.00766394983928218,0.000753831131732673
"1999-07-25",0,0.00935678214388489,0.000909687152877698
"1999-08-01",0,0.00612151797666667,0.000859160417777778
"1999-08-08",0,0.00683865852902375,0.0005470926823219
"1999-08-15",0,0.00667816640466877,0.00139775575911672
"1999-08-22",0,0.00487685415425532,0.00209008035182371
"1999-08-29",0,0.00252613357096085,0.00126306678548043
"1999-09-05",0,0.00392142490642857,0.00235285494385714
"1999-09-12",0,0.00437000737742138,0.00218500368871069
"1999-09-19",0,0.00433734713802083,0.00225542051177083
"1999-09-26",0,0.00163792078039286,0.0025478767695
"1999-10-03",0,0.00178921928615385,0.00198802142905983
"1999-10-10",0,0.00043376898526749,0.0019519604337037
"1999-10-17",0,0.0015324882083871,0.000574683078145161
"1999-10-24",0,0.000504081275450237,0.00151224382635071
"1999-10-31",0,0,0.00106829352126168
"1999-11-07",0,0,0.000752121800518868
"1999-11-14",0,0.000432505490755556,0.00129751647226667
"1999-11-21",0,0.000420054466046512,0.000420054466046512
"1999-11-28",0,0,0.00040350274725
"1999-12-05",0.000251728730714286,0,0.000503457461428571
"1999-12-12",0,0,0.000488239445617021
"1999-12-19",0.000264570732268041,0.000793712196804124,0.000529141464536082
"1999-12-26",0,0.00122658771018405,0.000919940782638037
"2000-01-02",0.000759919665652174,0.00189979916413043,0.00113987949847826
"2000-01-09",0.000793176156527197,0.00687419335656904,0.00211513641740586
"2000-01-16",0.0043939801128,0.01054555227072,0.00175759204512
"2000-01-23",0.00904426263461539,0.0113053282932692,0.00258407503846154
"2000-01-30",0.0134816312772727,0.011684080440303,0.00419428528626263
"2000-02-06",0.0141942412637586,0.021146522699069,0.0046348542902069
"2000-02-13",0.0117580143150923,0.0154203466427441,0.00558987565799472
"2000-02-20",0.00982174728966942,0.010040008340551,0.00698435362820937
"2000-02-27",0.0096074126323038,0.00918969903959494,0.0127402645776203
"2000-03-05",0.0104855539383954,0.00838844315071633,0.0123496524163324
"2000-03-12",0.00779462283637413,0.00831426435879908,0.0109124719709238
"2000-03-19",0.00539550691835859,0.00446524710484849,0.0102328579486111
"2000-03-26",0.00166501416422764,0.00299702549560976,0.00782556657186992
"2000-04-02",0.000301016756902887,0.00270915081212598,0.00526779324580052
"2000-04-09",0.000481470821260997,0.000481470821260997,0.00481470821260997
"2000-04-16",0,0.00110460274867532,0.00207113015376623
"2000-04-23",0.000294197393174061,0.000735493482935153,0.00132388826928328
"2000-04-30",0.000131926525196375,0.000131926525196375,0.000791559151178248
"2000-05-07",0,0.000174451920606061,0.000348903841212121
"2000-05-14",0.000175044574867925,0.00105026744920755,0.000700178299471698
"2000-05-21",0,0.000559604660821918,0.000839406991232877
"2000-05-28",0,0.000757880642960289,0.000303152257184116
"2000-06-04",0.000162857313471698,0.00179143044818868,0.000325714626943396
"2000-06-11",0,0.00189632728376518,0.000172393389433198
"2000-06-18",0,0.00211442591704918,0.000176202159754098
"2000-06-25",0,0.00285892968791209,0.000357366210989011
"2000-07-02",0,0.00274448705657143,0
"2000-07-09",0.000162942490711864,0.00554004468420339,0.000162942490711864
"2000-07-16",0,0.00593905426971429,0.000164973729714286
"2000-07-23",0,0.00449688971917603,0.000172957296891386
"2000-07-30",0.000628619802314411,0.00544803828672489,0.000209539934104803
"2000-08-06",0.000984676516304348,0.00413564136847826,0.000393870606521739
"2000-08-13",0.000913078757109005,0.00420016228270142,0.000182615751421801
"2000-08-20",0.0016681887368,0.00424629860276364,0.000151653521527273
"2000-08-27",0.00236025499162963,0.00354038248744444,0.000168589642259259
"2000-09-03",0.00297880768444444,0.00281331836864198,0.000330978631604938
"2000-09-10",0.00165867102178571,0.0029487484831746,0.000552890340595238
"2000-09-17",0.00135521710628571,0.000677608553142857,0.000338804276571429
"2000-09-24",0.000883228920659341,0.00044161446032967,0.00029440964021978
"2000-10-01",0.00016594756057377,0.00016594756057377,0.00016594756057377
"2000-10-08",0,0,0.000669459503833333
"2000-10-15",0,0,0.000364082680517241
"2000-10-22",0,0,0.00033565320991453
"2000-10-29",0,0.000157843533755102,0.00110490473628571
"2000-11-05",0.000418733768995215,0,0.000628100653492823
"2000-11-12",0.000346917681563786,0.000173458840781893,0.00121421188547325
"2000-11-19",0.000194089623624454,0,0.000194089623624454
"2000-11-26",0.00017816441932,0,0.0008908220966
"2000-12-03",0,0.000201440162885572,0.00120864097731343
"2000-12-10",0,0,0.000385350669126984
"2000-12-17",0,0,0.00107815309434389
"2000-12-24",0.000328829906572438,0,0.00131531962628975
"2000-12-31",0.000620449414691943,0.000206816471563981,0.000620449414691943
"2001-01-07",0.000176233820337079,0,0.000352467640674157
"2001-01-14",0.00175387313664336,0,0.00131540485248252
"2001-01-21",0.00139995426389892,0.000139995426389892,0.0016799451166787
"2001-01-28",0.00167586319630058,0.000209482899537572,0.0023043118949133
"2001-02-04",0.000800338238110749,0.000533558825407166,0.00133389706351792
"2001-02-11",0.00138336686324232,0.000922244575494881,0.00307414858498293
"2001-02-18",0.0015637653234104,0.000469129597023121,0.00359666024384393
"2001-02-25",0.00339870004550898,0.000339870004550898,0.00543792007281437
"2001-03-04",0.0042497598380163,0.000293086885380435,0.0042497598380163
"2001-03-11",0.00359086541704348,0,0.00508705934081159
"2001-03-18",0.00491965420183486,0.000655953893577982,0.00557560809541284
"2001-03-25",0.00477995378315493,0.000289694168676056,0.00608357754219718
"2001-04-01",0.0041938856567359,0.000310658196795252,0.00388322745994065
"2001-04-08",0.00545039238311419,0.000340649523944637,0.00306584571550173
"2001-04-15",0.00324926789004032,0.000684056397903226,0.00324926789004032
"2001-04-22",0.00319356177962428,0.000510969884739884,0.00255484942369942
"2001-04-29",0.00530051767799443,0.000927590593649025,0.00238523295509749
"2001-05-06",0.00805715105522523,0.00078991677012012,0.00189580024828829
"2001-05-13",0.00629897528662857,0.00165762507542857,0.00198915009051429
"2001-05-20",0.00649386435419355,0.000773079089784946,0.00371077963096774
"2001-05-27",0.00751763236698895,0.00103183189350829,0.0033903047929558
"2001-06-03",0.00763713216843602,0.000526698770236967,0.00223846977350711
"2001-06-10",0.00603095750544342,0.000325997702996942,0.00277098047547401
"2001-06-17",0.00693820555932011,0.000452491666912181,0.00226245833456091
"2001-06-24",0.00756643012234604,0.000582033086334311,0.00174609925900293
"2001-07-01",0.00533508777571023,0,0.00201868186107955
"2001-07-08",0.00622378808390625,0.00015958430984375,0.0022341803378125
"2001-07-15",0.00694244759187692,0,0.0018802462228
"2001-07-22",0.00491936576789809,0.000894430139617834,0.00223607534904459
"2001-07-29",0.00588805709611429,0.000535277917828571,0.0018734727124
"2001-08-05",0.00589265596351852,0.000604374970617284,0.00256859362512346
"2001-08-12",0.00658757042923077,0.00168519243538462,0.00260438830923077
"2001-08-19",0.00331166653521552,0,0.00389607827672414
"2001-08-26",0.00260532006348123,0.00091186202221843,0.00156319203808874
"2001-09-02",0.00301649314567686,0.000177440773275109,0.00159696695947598
"2001-09-09",0.00105616928973214,0.000176028214955357,0.000352056429910714
"2001-09-16",0.000916762717131147,0.000152793786188525,0.00183352543426229
"2001-09-23",0.00127893926335968,0,0.00054811682715415
"2001-09-30",0.000327672099277978,0,0.000163836049638989
"2001-10-07",0.000492842826951219,0,0.00024642141347561
"2001-10-14",0,0.000426431836728972,0
"2001-10-21",0,0,0.000233938732657658
"2001-10-28",0,0,0
"2001-11-04",0.000212751293717949,0,0
"2001-11-11",0,0,0
"2001-11-18",0,0.000179510216351931,0
"2001-11-25",0,0.000491150221167315,0.00032743348077821
"2001-12-02",0.000189191025021834,0,0.000189191025021834
"2001-12-09",0.000214127332488263,0,0
"2001-12-16",0,0.000677671115679612,0
"2001-12-23",0,0.000720444137488372,0
"2001-12-30",0.000274324593313609,0.000548649186627219,0.000274324593313609
"2002-01-06",0.00021246061459893,0.000849842458395722,0.000637381843796791
"2002-01-13",0.000606992274545455,0.00242796909818182,0.00101165379090909
"2002-01-20",0.0010306188153169,0.00618371289190141,0.0030918564459507
"2002-01-27",0.00100686416316206,0.00956520955003953,0.00352402457106719
"2002-02-03",0.00134695132943396,0.0126613424966792,0.00565719558362264
"2002-02-10",0.000539950943152174,0.013318789931087,0.00719934590869565
"2002-02-17",0.000622742558198198,0.00560468302378378,0.00529331174468468
"2002-02-24",0.0016958167766129,0.00640641893387097,0.00244951312177419
"2002-03-03",0.00174288768555985,0.00697155074223938,0.00348577537111969
"2002-03-10",0.000539488448623853,0.00701334983211009,0.00161846534587156
"2002-03-17",0.00130680840160305,0.00544503500667939,0.0017424112021374
"2002-03-24",0.000571930925979382,0.00896025117367698,0.00514737833381443
"2002-03-31",0.000367480873526971,0.00845206009112033,0.00275610655145228
"2002-04-07",0.000297786832989691,0.0065513103257732,0.00148893416494845
"2002-04-14",0,0.0061204498470948,0.00122408996941896
"2002-04-21",0.000437638902944606,0.0105033336706706,0.000291759268629738
"2002-04-28",0.000274798703965015,0.00645776954317784,0.000412198055947522
"2002-05-05",0,0.00464344805396285,0.000281421094179567
"2002-05-12",0,0.00455076966484536,0
"2002-05-19",0,0.00599720304180685,0.000292546489844237
"2002-05-26",0,0.00204459250789062,0.000185872046171875
"2002-06-02",0,0.00749471050258278,0.000152953275562914
"2002-06-09",0,0.00577339444469388,0.000151931432755102
"2002-06-16",0,0.00855340823449393,0
"2002-06-23",0,0.00737989030213816,0.000163997562269737
"2002-06-30",0,0.00796342104226619,0
"2002-07-07",0,0.0126787205393574,0
"2002-07-14",0,0.0127878490925159,0
"2002-07-21",0,0.0100057927880272,0
"2002-07-28",0,0.00780310304680851,0.00017734325106383
"2002-08-04",0,0.00796461691145098,0.00016254320227451
"2002-08-11",0,0.00435074968052632,0.000300051702105263
"2002-08-18",0,0.00628938956669856,0.000174705265741627
"2002-08-25",0,0.00478005105575419,0
"2002-09-01",0.00013770745904943,0.00275414918098859,0
"2002-09-08",0,0.00287164342493617,0.000638142983319149
"2002-09-15",0,0.00214703604022831,0.00019518509456621
"2002-09-22",0,0.000421013854019608,0.000842027708039216
"2002-09-29",0,0,0.00105077112055046
"2002-10-06",0,0.00116659617731481,0.000499969790277778
"2002-10-13",0,0.000361812381626794,0.000180906190813397
"2002-10-20",0,0.000927966593160622,0.00115995824145078
"2002-10-27",0,0.000955987150419162,0.000955987150419162
"2002-11-03",0,0.000394363369452736,0.000591545054179104
"2002-11-10",0,0.00108150988285714,0.000360503294285714
"2002-11-17",0,0,0
"2002-11-24",0,0,0.00124945971753086
"2002-12-01",0,0.000159725202420091,0.00143752682178082
"2002-12-08",0,0.000197921288615385,0.00178129159753846
"2002-12-15",0,0.00129933595009615,0.00129933595009615
"2002-12-22",0,0.00120005374142259,0.00400017913807531
"2002-12-29",0,0.00202149303551724,0.0023890372237931
"2003-01-05",0,0.00216045618122807,0.00448710129947368
"2003-01-12",0.000168082388454936,0.00487438926519313,0.00168082388454936
"2003-01-19",0.000234640298285714,0.00469280596571429,0.009854892528
"2003-01-26",0,0.00716539518051948,0.0082402044575974
"2003-02-02",0,0.00287662954327273,0.00829146162472727
"2003-02-09",0,0.00863040296675926,0.00711629718311728
"2003-02-16",0,0.00819301111352601,0.00384569909410405
"2003-02-23",0.000127718581221719,0.011366953728733,0.00561961757375566
"2003-03-02",0,0.00922774346223022,0.00361499228417266
"2003-03-09",9.60009830426716e-05,0.0108481110838219,0.00364803735562152
"2003-03-16",0,0.0095067154114949,0.00263689916523216
"2003-03-23",6.45623002733734e-05,0.00522954632214325,0.0024210862602515
"2003-03-30",5.89534018161435e-05,0.00397935462258969,0.00176860205448431
"2003-04-06",0,0.00177515155419439,0.000552916057863825
"2003-04-13",3.06002007982894e-05,0.000918006023948681,0.000183601204789736
"2003-04-20",0,0.00031466918942789,8.9905482693683e-05
"2003-04-27",0,0.000665715888831836,0.000142653404749679
"2003-05-04",0,6.30599505668016e-05,0
"2003-05-11",0,0.000163357879164345,0
"2003-05-18",0,0.000230051602741935,0
"2003-05-25",0,0.000323283779428571,0
"2003-06-01",0,0.000932394543785489,0
"2003-06-08",0,0.000647319378526646,0
"2003-06-15",0,0.000322868236431535,0
"2003-06-22",0,0.00169881941179775,0
"2003-06-29",0,0.00288115364331683,0
"2003-07-06",0,0.00677477892724832,0
"2003-07-13",0,0.00259535093632653,0
"2003-07-20",0,0.00473133466032432,0
"2003-07-27",0,0.00292828944494382,0
"2003-08-03",0,0.00338993858860927,0
"2003-08-10",0,0.00316729137891892,0
"2003-08-17",0,0.00227656909378151,0
"2003-08-24",0,0.00435438761701493,0.000256140448059702
"2003-08-31",0,0.00191734128666667,0
"2003-09-07",0,0.00382841087265,0
"2003-09-14",0,0.00267171582235023,0
"2003-09-21",0,0.00312129134902077,0.00012004966727003
"2003-09-28",0,0.00235568760625,0.000107076709375
"2003-10-05",0,0.00194891638701299,0
"2003-10-12",0,0.00133947729308943,0
"2003-10-19",0,0.00196232419966245,0
"2003-10-26",0,0.00134259903323383,0
"2003-11-02",0,0.000486550697285714,0
"2003-11-09",0,0.000332765537592593,0
"2003-11-16",0,0,0
"2003-11-23",0,0.000693481276082474,0
"2003-11-30",0,0,0
"2003-12-07",0,0.000775007220638298,0.000193751805159574
"2003-12-14",0,0.000405542413006993,0
"2003-12-21",0,0.000583434624,0
"2003-12-28",0,0.000435826482335025,0
"2004-01-04",0,0.00162012946087649,0
"2004-01-11",0,0.000754107359581881,0
"2004-01-18",0,0.00169677633225455,0
"2004-01-25",0,0.00162411048130435,0
"2004-02-01",0,0.00070720288836689,0.000212160866510067
"2004-02-08",0,0.00266573535126437,5.79507685057471e-05
"2004-02-15",0,0.00836831342105263,0
"2004-02-22",0,0.0102832049265041,0.000197753940894309
"2004-02-29",0,0.0107146991955112,0.000312837932715655
"2004-03-07",0,0.0142494439971812,7.74426304194631e-05
"2004-03-14",0,0.0141415547203774,0.000152059728176101
"2004-03-21",0,0.0149924835983725,0
"2004-03-28",0,0.0141521145420107,0
"2004-04-04",0,0.0126718223269847,7.5879175610687e-05
"2004-04-11",0,0.0137208308246154,0
"2004-04-18",0,0.0072390686349375,0.00031135779075
"2004-04-25",0,0.0108773845595327,0.000213282050186916
"2004-05-02",0,0.00849249307952965,0.000186648199550102
"2004-05-09",0,0.00802196776795918,0
"2004-05-16",0,0.00779225537945946,0.000586513845765766
"2004-05-23",0,0.00928679274776573,0.00042212694308026
"2004-05-30",0,0.00599572939960499,0.000253340678856549
"2004-06-06",0,0.0092907098458813,0.000197674677571942
"2004-06-13",0,0.008755044000217,0.000222585864412297
"2004-06-20",0,0.00611123383425373,0.000265705818880597
"2004-06-27",0.000163702819422383,0.00933106070707581,0.000491108458267148
"2004-07-04",0.00011927316021544,0.00685820671238779,0.000715638961292639
"2004-07-11",0.000240224209263158,0.0145736020286316,0.000720672627789474
"2004-07-18",0.000299199572511556,0.0160819770224961,0.00104719850379045
"2004-07-25",0.000452147897962963,0.0177629531342593,0.00103348090962963
"2004-08-01",0.000126619728575458,0.0145612687861777,0.000949647964315938
"2004-08-08",6.67162011544462e-05,0.0106745921847114,0.00120089162078003
"2004-08-15",0.00021012034980198,0.00819469364227723,0.00112064186561056
"2004-08-22",0,0.00933094156514914,0.00142638597174254
"2004-08-29",0,0.00670930907667312,0.00131269090630561
"2004-09-05",0,0.00505944443573123,0.00155675213407115
"2004-09-12",0,0.00433790297174312,0.00056232075559633
"2004-09-19",0,0.00515960201730435,0.00222259779206957
"2004-09-26",5.68024965905097e-05,0.00272651983634446,0.000738432455676626
"2004-10-03",0,0.00131805666564444,0.000470734523444444
"2004-10-10",7.01438237578288e-05,0.000701438237578288,0.000420862942546973
"2004-10-17",0,0.00065945501853211,0.000412159386582569
"2004-10-24",0,0.000300963081825843,0.000401284109101124
"2004-10-31",0,0.000194551821689498,0.000194551821689498
"2004-11-07",0,0.000162246167331787,0.000162246167331787
"2004-11-14",0,0.000167208314885845,0.000250812472328767
"2004-11-21",0,7.29144704516129e-05,7.29144704516129e-05
"2004-11-28",0,0.00055447444884058,0.000138618612210145
"2004-12-05",0,0.000487208479240506,0.000243604239620253
"2004-12-12",0,8.16301316666667e-05,0.000163260263333333
"2004-12-19",0,0.000151385645052192,0.000227078467578288
"2004-12-26",0,0.0005794854247981,0.000193161808266033
"2005-01-02",0.000107641711741294,0.000430566846965174,0
"2005-01-09",0,0.000887070289954338,0.000177414057990868
"2005-01-16",0.000160343300511509,0.000962059803069054,0.000320686601023018
"2005-01-23",0,0.00099145366926714,0.000694017568486998
"2005-01-30",0.000332536334193548,0.00232775433935484,0.000665072668387097
"2005-02-06",0.000723812077023256,0.00208095972144186,0.00199048321181395
"2005-02-13",0.00121570441189702,0.00209985307509485,0.000884148663197832
"2005-02-20",0.000382884203411978,0.00268018942388385,0.00070195437292196
"2005-02-27",0.000304700996508621,0.00274230896857759,0.00284387596741379
"2005-03-06",0.00106712912369403,0.00629606182979478,0.00384166484529851
"2005-03-13",0.00138506257455006,0.0113772997195184,0.00692531287275032
"2005-03-20",0.00333242847079646,0.0149959281185841,0.00870134100707965
"2005-03-27",0.00322494689406109,0.011056960779638,0.00681845914744344
"2005-04-03",0.00186561110932653,0.0119568712006837,0.00534243181307143
"2005-04-10",0.00132098310935301,0.00870294754397276,0.00334131021777526
"2005-04-17",0.00146146733118451,0.0116221449670387,0.00320130939211845
"2005-04-24",0.00079998617735849,0.00886651346572327,0.00333327573899371
"2005-05-01",0.00100233492904709,0.0127990460170628,0.00308410747399103
"2005-05-08",0.00171397020145914,0.0187757644796206,0.00171397020145914
"2005-05-15",0.000985441491950791,0.0242137052307909,0.00168932827191564
"2005-05-22",0.00154812207388696,0.0282347978237478,0.00132696177761739
"2005-05-29",0.000906909096714906,0.0349807794447178,0.000842129875520984
"2005-06-05",0.000859079113031802,0.0307427596877809,0.000674990731667845
"2005-06-12",0.000933479648942042,0.0194786086745906,0.000933479648942042
"2005-06-19",0.000446107630695971,0.0126397162030525,0.000594810174261294
"2005-06-26",0.000144264770937129,0.00815095955794781,0.000865588625622776
"2005-07-03",0.000310929414095745,0.00544126474667553,0.00124371765638298
"2005-07-10",0.000366036739805825,0.00614941722873786,0.00109811021941748
"2005-07-17",0.000222734614479905,0.00213825229900709,0.000178187691583924
"2005-07-24",0.000168506070228137,0.00241525367326996,0.000280843450380228
"2005-07-31",9.90125573353293e-05,0.00074259418001497,0.000594075344011976
"2005-08-07",0.000201160303821263,0.00060348091146379,0.000268213738428351
"2005-08-14",0.000135803233164983,0.000339508082912458,0.000679016165824916
"2005-08-21",0,0.000664561346765799,0.000415350841728625
"2005-08-28",0.000680502956854701,0.000765565826461538,0.000765565826461538
"2005-09-04",0.000403671547985989,8.07343095971979e-05,0.000484405857583187
"2005-09-11",0.000194201692333333,0.000485504230833333,0.000582605077
"2005-09-18",0.000409487988374126,0.00016379519534965,0.000245692793024476
"2005-09-25",0.000288941209709924,0.000216705907282443,0.000361176512137405
"2005-10-02",0.000361160166488294,9.02900416220736e-05,0.000541740249732442
"2005-10-09",0.00019330329600823,6.44344320027435e-05,0.000322172160013717
"2005-10-16",0.000129926162708661,0,0.000259852325417323
"2005-10-23",0.000127650127637363,0,0.000382950382912088
"2005-10-30",6.74631147368421e-05,0,0.000202389344210526
"2005-11-06",0,6.48998729875519e-05,0.000324499364937759
"2005-11-13",6.98482361345646e-05,0.000279392944538259,0.000279392944538259
"2005-11-20",6.72957685222382e-05,0.000672957685222382,0.000134591537044476
"2005-11-27",6.99429207810107e-05,0.000139885841562021,6.99429207810107e-05
"2005-12-04",0.000582937949589041,0,0.00014573448739726
"2005-12-11",0.000274528529555896,0.000137264264777948,6.8632132388974e-05
"2005-12-18",0.000292345965013966,5.84691930027933e-05,0.000292345965013966
"2005-12-25",0.000454214913022599,0.000194663534152542,0.000778654136610169
"2006-01-01",0.00136359966381503,0.000227266610635838,0.00174237734820809
"2006-01-08",0.00169076807168026,0.000161025530636215,0.00169076807168026
"2006-01-15",0.00147959334699324,0.000657597043108108,0.00246598891165541
"2006-01-22",0.00356296564995781,0.000222685353122363,0.00341450874787623
"2006-01-29",0.002441154328896,0.000192722710176,0.004304140527264
"2006-02-05",0.002644269148331,0.000152553989326788,0.00325448510563815
"2006-02-12",0.00436193899274611,0.000408931780569948,0.00415747310246114
"2006-02-19",0.00477469692423611,0.000391368600347222,0.00446160204395833
"2006-02-26",0.00631925872822191,0.000183166919658606,0.00595292488890469
"2006-03-05",0.00693778770715232,0.000231259590238411,0.00423975915437086
"2006-03-12",0.0075859366381017,0.000561921232451977,0.00611089340291525
"2006-03-19",0.00626488527411908,0.000221113597910085,0.00486449915402187
"2006-03-26",0.00575764072572687,0.000247640461321586,0.00278595518986784
"2006-04-02",0.00433363100755924,0.000146902746018957,0.00271770080135071
"2006-04-09",0.00355748431089351,0.000129363065850673,0.00142299372435741
"2006-04-16",0.00253942182401244,7.69521764852255e-05,0.00130818700024883
"2006-04-23",0.00245409743058252,6.13524357645631e-05,0.000858934100703883
"2006-04-30",0.00214464775582511,0,0.00127338460502116
"2006-05-07",0.00343881905904321,0,0.00100648362703704
"2006-05-14",0.00356423040196364,0,0.000660042667030303
"2006-05-21",0.00521135187049587,0,0.000352118369628099
"2006-05-28",0.00510274782139535,0,0.000318921738837209
"2006-06-04",0.00611315384803493,0,0.000349323077030568
"2006-06-11",0.0105190753214404,7.56768008736718e-05,0.000529737606115703
"2006-06-18",0.0168443186767882,6.71088393497537e-05,0.00053687071479803
"2006-06-25",0.0177786771700831,7.28634310249308e-05,0.000510044017174515
"2006-07-02",0.0178249174954035,6.10442379979571e-05,0.000183132713993871
"2006-07-09",0.0105949520719149,0.000156575646382979,0.000208767528510638
"2006-07-16",0.00860574616267589,0.000251262661683968,0.000188446996262976
"2006-07-23",0.00636779920403873,0.000222132530373444,0.000444265060746888
"2006-07-30",0.00369789138464945,0.000224114629372694,0.000224114629372694
"2006-08-06",0.00278234912473258,0.00036609856904376,0.000146439427617504
"2006-08-13",0.00163750583063545,0.000372160416053512,0.000446592499264214
"2006-08-20",0.00110678710405405,0.000390630742607313,6.51051237678855e-05
"2006-08-27",0.00076812749,0.000256042496666667,0
"2006-09-03",0.00042247436563981,0.000301767404028436,0.000120706961611374
"2006-09-10",0.000972038864092262,0.00102921762080357,0.000114357513422619
"2006-09-17",0.000655086236613162,0.000774192825088282,0.000178659882712681
"2006-09-24",0.00122018950146685,0.00162691933528914,0.000116208523949224
"2006-10-01",0.000438565518328488,0.000751826602848837,6.26522169040698e-05
"2006-10-08",0.000332491447956989,0.000581860033924731,0
"2006-10-15",0.000294263415553869,0.000294263415553869,5.88526831107739e-05
"2006-10-22",0,0.000207403593072917,0.000138269062048611
"2006-10-29",6.48303738045375e-05,0.000194491121413613,0
"2006-11-05",0,0,0
"2006-11-12",0,0.000131039143005008,0
"2006-11-19",0,5.14575902907916e-05,0
"2006-11-26",6.55499572289157e-05,0,6.55499572289157e-05
"2006-12-03",0.000122251927697368,6.11259638486842e-05,0
"2006-12-10",0.00013914027706177,0.000347850692654424,6.95701385308848e-05
"2006-12-17",0.000117671826158833,0.000235343652317666,5.88359130794165e-05
"2006-12-24",6.31994588654781e-05,0.000126398917730956,0.000379196753192869
"2006-12-31",0.000324425215153971,0.000259540172123177,0.000194655129092383
"2007-01-07",0.00038437311276131,0.000576559669141966,0.000128124370920437
"2007-01-14",0.000270934095047619,0.00223520628414286,0.000406401142571429
"2007-01-21",0.000176119840401786,0.00363981003497024,0.000528359521205357
"2007-01-28",6.41373707598784e-05,0.00525926440231003,0.000448961595319149
"2007-02-04",0.000402509923390728,0.00764768854442384,0.00100627480847682
"2007-02-11",0.000198146800928571,0.00918080177635714,0.000924685071
"2007-02-18",0.000311426413798658,0.011834203724349,0.00147927546554362
"2007-02-25",0.000292358612134831,0.013916269937618,0.000935547558831461
"2007-03-04",0.000282768363728633,0.0144211865501603,0.000848305091185897
"2007-03-11",0.000191198332223427,0.0152321338004664,0.00216691443186551
"2007-03-18",0.000371654382403528,0.016786389605226,0.00161050232374862
"2007-03-25",0.000184838977115813,0.0114600165811804,0.00129387283981069
"2007-04-01",0.00012606952503386,0.0081945191272009,0.00233228621312641
"2007-04-08",8.9065273057971e-05,0.00837213566744928,0.0027610234647971
"2007-04-15",4.63261136266094e-05,0.00551280752156652,0.00203834899957082
"2007-04-22",0,0.00401003053094017,0.00120784052136752
"2007-04-29",0,0.0042518204603681,0.00223220574169325
"2007-05-06",0.0002244557325,0.004096317118125,0.0020201015925
"2007-05-13",0.000124754966240602,0.00318125163913534,0.00324362912225564
"2007-05-20",0,0.00168939832270233,0.00223000578596708
"2007-05-27",0,0.00263746535213313,0.00239020297537065
"2007-06-03",0.000129976769237805,0.00279450053861281,0.00149473284623476
"2007-06-10",8.03135914242424e-05,0.00441724752833333,0.00289128929127273
"2007-06-17",0.00023359180303989,0.00817571310639615,0.00295882950517194
"2007-06-24",0.000206447858142023,0.017754515800214,0.00399132525741245
"2007-07-01",0.000105430788622147,0.0189775419519865,0.00316292365866441
"2007-07-08",0.00022047569600624,0.0225436399166381,0.00429927607212168
"2007-07-15",0.000383374736842508,0.0195521115789679,0.00476480030075688
"2007-07-22",0,0.00912469999672131,0.00216358865901639
"2007-07-29",0.000171632627598253,0.00587841749524017,0.00223122415877729
"2007-08-05",0.000167054667503251,0.00350814801756827,0.00178191645336801
"2007-08-12",0.000275063316561315,0.00142116046890013,0.00146700435499368
"2007-08-19",0.00016595749777605,0.0003319149955521,0.00171489414368585
"2007-08-26",6.53082549568965e-05,0.00111024033426724,0.00202455590366379
"2007-09-02",0.00020013719081225,0.00140096033568575,0.002401646289747
"2007-09-09",0.000320661018089725,0.00102611525788712,0.00179570170130246
"2007-09-16",0.000263850100674157,0.00105540040269663,0.00138521302853933
"2007-09-23",0.000121895163960396,0.000731370983762376,0.00127989922158416
"2007-09-30",7.22090367638037e-05,0.000577672294110429,0.00137197169851227
"2007-10-07",0.000371859635879218,0.00120854381660746,0.00176633327042629
"2007-10-14",7.3834255061082e-05,0.000516839785427574,0.00110751382591623
"2007-10-21",0,0.000301949689154229,0.000830361645174129
"2007-10-28",0,0.000300191419642857,0.000240153135714286
"2007-11-04",7.58681517618271e-05,7.58681517618271e-05,0.000910417821141925
"2007-11-11",7.58239935488722e-05,0,0.000303295974195489
"2007-11-18",0,5.77644238483146e-05,0.000115528847696629
"2007-11-25",0,0,0.000262065786194145
"2007-12-02",6.37824270359712e-05,6.37824270359712e-05,0.000127564854071942
"2007-12-09",0,0,0.000601757915180723
"2007-12-16",0,0,0.000594867295515464
"2007-12-23",0.000140380014624829,0.000280760029249659,0.00147399015356071
"2007-12-30",0.000319925415384615,0.000319925415384615,0.000719832184615385
"2008-01-06",0.000441249604455446,7.35416007425742e-05,0.00117666561188119
"2008-01-13",0.000697431211422351,0.000570625536618287,0.000951042561030479
"2008-01-20",0.00107986832911612,0.000694201068717504,0.000925601424956672
"2008-01-27",0.00192787107420091,0.00192787107420091,0.00161941170232877
"2008-02-03",0.00211792096363636,0.000593017869818182,0.00177905360945455
"2008-02-10",0.00181632046515901,0.000706346847561838,0.00216949388893993
"2008-02-17",0.00175302062713171,0.00113430746461463,0.00274983627785366
"2008-02-24",0.00333420722397476,0.00126699874511041,0.00540141570283912
"2008-03-02",0.00473818905518411,0.00172804542012597,0.00496116265778101
"2008-03-09",0.00704739058278443,0.00363736288143713,0.00937757617870509
"2008-03-16",0.00627973078916247,0.00230097006015113,0.010977544661971
"2008-03-23",0.00269030170081245,0.000834921217493518,0.00607637108286949
"2008-03-30",0.00136897677835052,0.00118644654123711,0.00282921867525773
"2008-04-06",0.000342205460135135,0.000821293104324324,0.00246387931297297
"2008-04-13",0.000772204355748792,0.00106178098915459,0.00164093425596618
"2008-04-20",0.000431739722616822,0.00123354206461949,0.00185031309692924
"2008-04-27",0.000549342230036188,0.00153815824410133,0.00120855290607961
"2008-05-04",0.000523387496551724,0.000981351556034483,0.000850504681896552
"2008-05-11",0.000191166707813665,0.0010832780109441,0.000955833539068323
"2008-05-18",0.000395023631682243,0.000790047263364486,0.000507887526448598
"2008-05-25",0.000252173648530259,0.0010717380062536,0.00100869459412104
"2008-06-01",0.000314259861939058,0.000419013149252078,0.000942779585817175
"2008-06-08",9.27039981090909e-05,0.00120515197541818,0.000741631984872727
"2008-06-15",0.000721468334980237,0.00105445372035573,0.000665970770750988
"2008-06-22",0.000622783547263427,0.00129746572346547,0.000726580805140665
"2008-06-29",0.00169458347884131,0.00149522071662469,0.000797451048866499
"2008-07-06",0.00137206276951531,0.0017836816003699,0.000594560533456633
"2008-07-13",0.00262581290792453,0.00240699516559748,0.000481399033119497
"2008-07-20",0.00586203027866109,0.00474291540728034,0.00106582368702929
"2008-07-27",0.00691420629160305,0.00503627371857506,0.00102432685801527
"2008-08-03",0.00594328408874172,0.00590613856318709,0.0010400747155298
"2008-08-10",0.00365986462097983,0.0042698420578098,0.000440539259932757
"2008-08-17",0.00231291650329486,0.00301380029217209,0.000490618652214061
"2008-08-24",0.00226374121632075,0.00346219244849057,0.000355096661383648
"2008-08-31",0.00145385752041617,0.00225113422516052,0.00032829040783591
"2008-09-07",0.00076814455507335,0.00276532039826406,0.00040967709603912
"2008-09-14",0.000742886622477876,0.0016095876820354,0.000330171832212389
"2008-09-21",0.000981162211181286,0.00140775447691228,0.000213296132865497
"2008-09-28",0.000293522953426043,0.000929489352515803,0.000293522953426043
"2008-10-05",0.000255055062650602,0.000969209238072289,0
"2008-10-12",0.000148478325607196,0.00039594220161919,4.94927752023988e-05
"2008-10-19",0.000181473331962111,0.00040831499691475,4.53683329905277e-05
"2008-10-26",8.77615025531915e-05,0.000131642253829787,0.000131642253829787
"2008-11-02",0.0002387644318507,0.00011938221592535,0
"2008-11-09",0.000164994685285118,0.000164994685285118,5.49982284283727e-05
"2008-11-16",0.000182967152885154,0.000503159670434174,4.57417882212885e-05
"2008-11-23",0.000204864079565773,0.000204864079565773,0
"2008-11-30",0.000160714140386473,0.000120535605289855,0.000160714140386473
"2008-12-07",0.000118088240689655,0,3.93627468965517e-05
"2008-12-14",0.000416777540194411,0.000151555469161604,0
"2008-12-21",0.000243690008230088,0.000121845004115044,0.000162460005486726
"2008-12-28",0.000365675607172082,9.97297110469314e-05,0.000232702659109507
"2009-01-04",0.000976986539305019,0.000398031553050193,0.000144738746563707
"2009-01-11",0.00180562324287371,0.000740768509896907,0.000231490159342784
"2009-01-18",0.00361936370390729,0.000866608210794702,0.000407815628609272
"2009-01-25",0.00407736030441177,0.00087587739872549,0.000332229358137255
"2009-02-01",0.00710948692894118,0.00124416021256471,0.000799817279505882
"2009-02-08",0.0119561338075065,0.0023401685388358,0.000297839632215465
"2009-02-15",0.0103138682841081,0.00231172909816216,0.000444563288108108
"2009-02-22",0.0119742325869084,0.00222776420221551,0.000111388210110775
"2009-03-01",0.00874643426116253,0.0013973593198307,0.000258770244413093
"2009-03-08",0.00592862461804529,0.0011176915263528,0.000485952837544696
"2009-03-15",0.00341838959844869,0.00112385411455847,0.000561927057279236
"2009-03-22",0.00139525519298824,0.00100768430604706,0.000465085064329412
"2009-03-29",0.00159260089443038,0.000840539360949367,0.000530866964810127
"2009-04-05",0.000968647288235294,0.000807206073529412,0.000376696167647059
"2009-04-12",0.000611633490320988,0.000470487300246914,0.000376389840197531
"2009-04-19",0.000574843687085202,0.000410602633632287,0.000369542370269058
"2009-04-26",0.000566804945103093,0.000472337454252577,0.000141701236275773
"2009-05-03",0.00059450515515716,0.000792673540209546,0.00014862628878929
"2009-05-10",9.31710055655004e-05,0.000590083035248169,0.000403741024117168
"2009-05-17",0.000349493636594621,0.00062540966548511,0.000110366411556196
"2009-05-24",0.000279578843615448,0.000690724201873459,0.000394699543927691
"2009-05-31",0.000757839305384618,0.000881849373538462,0.000165346757538462
"2009-06-07",0.000406047417737694,0.000672078484531355,0.000392045782643291
"2009-06-14",0.00106319414894737,0.00101795184473684,0.000113105760526316
"2009-06-21",0.00176059787304741,0.0013612290264456,0.000146247746642916
"2009-06-28",0.00269439001583556,0.00185901145197388,0.000129424847922232
"2009-07-05",0.00308248932285779,0.00440900949585232,0.000114519727164995
"2009-07-12",0.0040028702136825,0.0070971660319681,0.000205714957448351
"2009-07-19",0.00465810734768617,0.00809361434164894,0.000195616056595745
"2009-07-26",0.00543837053041204,0.00855858671602615,0.000254312290990491
"2009-08-02",0.0059740982785263,0.00738719446301754,0.000195471518315789
"2009-08-09",0.00712073223953876,0.00669687913004239,0.000235473949720197
"2009-08-16",0.00612147577139698,0.00565433612588496,0.000214105670859671
"2009-08-23",0.0108887898035751,0.00731698932660622,0.000231184496891192
"2009-08-30",0.0123319762844872,0.00545241681420947,0.00029274721150118
"2009-09-06",0.0137462094771193,0.00618690701776444,0.000608305006542786
"2009-09-13",0.0210342529112451,0.00397678844103228,0.000230062141216744
"2009-09-20",0.0303209964010047,0.00209180350254754,0.000426484209257266
"2009-09-27",0.035014823288775,0.00152507176184188,0.000226699856490009
"2009-10-04",0.0281179676617262,0.00117158198590526,0.000468632794362104
"2009-10-11",0.014064288250715,0.000940385055111722,0.000359558991660364
"2009-10-18",0.0074662830545162,0.000187831020239402,0.000500882720638404
"2009-10-25",0.00446573155420721,3.34511726906907e-05,0.000200707036144144
"2009-11-01",0.00314662360018465,2.66663016964801e-05,2.66663016964801e-05
"2009-11-08",0.00163239588375,0,2.65430225e-05
"2009-11-15",0.00116711902531035,4.05954443586207e-05,0
"2009-11-22",0.0017689089455,2.49142105e-05,9.9656842e-05
"2009-11-29",0.00327037710075771,6.62914277180617e-05,2.20971425726872e-05
"2009-12-06",0.0028922314602624,0,1.8133112603526e-05
"2009-12-13",0.00218636997297064,8.4091152806563e-05,3.36364611226252e-05
"2009-12-20",0.00280405725600415,0,9.00901929639889e-05
"2009-12-27",0.00224071933311622,3.78180478163074e-05,1.89090239081537e-05
"2010-01-03",0.00308969479651771,3.59266836804384e-05,0.000143706734721754
"2010-01-10",0.00504032258125,2.40015361011905e-05,0.000168010752708333
"2010-01-17",0.00582019549426365,0,0.000353563277688913
"2010-01-24",0.00461972903459287,0,0.000274439348589675
"2010-01-31",0.00344537865931677,0,0.000413445439118012
"2010-02-07",0.00363857144012797,0,0.00135238938482633
"2010-02-14",0.00332824921806167,0,0.00176600978917558
"2010-02-21",0.00265477681784839,0,0.000819375561064319
"2010-02-28",0.00190325634381877,5.94767607443366e-05,0.00151665739898058
"2010-03-07",0.00281182888867761,2.46651656901544e-05,0.00263917272884652
"2010-03-14",0.00341070867873903,5.59132570285088e-05,0.00321501227913925
"2010-03-21",0.00343923595910024,0,0.00485539194225917
"2010-03-28",0.00229212316192625,5.20937082255965e-05,0.006068917008282
"2010-04-04",0.00115672735030183,7.88677738842157e-05,0.00394338869421079
"2010-04-11",0.00123809523809524,0,0.00295238095238095
"2010-04-18",0.00108762197868074,0,0.00282101950720317
"2010-04-25",0.00080000214677707,3.07693133375796e-05,0.00249231438034395
"2010-05-02",0.000833398876643991,0,0.0038639402462585
"2010-05-09",0.000622184331555819,0.00014140552989905,0.00274326728004157
"2010-05-16",0.00134128267420429,0,0.0029000706469282
"2010-05-23",0.000662708881097561,0,0.00296009966890244
"2010-05-30",0.000731962175510204,0.00016265826122449,0.00288718413673469
"2010-06-06",0.000485116493922018,0.000145534948176606,0.00169790772872706
"2010-06-13",0.000506797661421801,0.000190049123033175,0.00196384093800948
"2010-06-20",0.000454669538324022,0.000181867815329609,0.00154587643030168
"2010-06-27",0.000552795056074661,0.000603049152081448,0.00115584420815611
"2010-07-04",0.000727204338196721,0.000484802892131147,0.00175741048397541
"2010-07-11",0.00142951989714943,0.00159446450066667,0.00192435370770115
"2010-07-18",0.00218863459652174,0.00147397840173913,0.00165264245043478
"2010-07-25",0.00285901716392743,0.00269407386600854,0.00137452748265742
"2010-08-01",0.00286610334603004,0.00458576535364807,0.00160501787377682
"2010-08-08",0.00306838998587255,0.00686952981911765,0.000961734174676471
"2010-08-15",0.00217377060576419,0.00804295124132751,0.000797049222113537
"2010-08-22",0.00207689769219078,0.00827704815564268,0.00103844884609539
"2010-08-29",0.00148376332445511,0.0151800401655792,0.00083699469584647
"2010-09-05",0.001332536335796,0.0143072322369676,0.000490934439503791
"2010-09-12",0.00100218743102288,0.0182398112446164,0.000440962469650067
"2010-09-19",0.000444866755923077,0.0192775594233333,0.000333650066942308
"2010-09-26",0.000623643680307692,0.0157859806577885,0.000584665950288462
"2010-10-03",0.000739886418392484,0.0134236535908351,0.000493257612261656
"2010-10-10",0.000357046378320395,0.00934812335966126,0.000292128854989414
"2010-10-17",0.00120354859960349,0.00682010873108644,0.000361064579881047
"2010-10-24",0.000868243675971564,0.00410442465004739,0.000276259351445498
"2010-10-31",0.000328778878436255,0.00300597831713147,0.000469684112051793
"2010-11-07",0.000304712343978398,0.00201871927885689,0.000571335644959496
"2010-11-14",0.000229174223433363,0.000483812249470432,0.000152782815622242
"2010-11-21",0.000440520414108405,0.0011327667791359,0.000220260207054203
"2010-11-28",0.000489787202991179,0.000547409226872494,0.000288110119406576
"2010-12-05",0.000248836441243863,0.000590986547954174,0.000373254661865794
"2010-12-12",0.000265689851085142,0.00036532354524207,0.000132844925542571
"2010-12-19",0.000463342873249581,0.000142567037922948,0.000249492316365159
"2010-12-26",0.000859905769757478,0.000560808110711398,0.000448646488569119
"2011-01-02",0.00183479377799805,0.000256017736464844,0.000384026604697266
"2011-01-09",0.00312015441397293,0.000526291105971338,0.000375922218550955
"2011-01-16",0.00707314683409629,0.000589428902841358,0.000550133642651934
"2011-01-23",0.0161415085393641,0.000710384238896221,0.000868247403095381
"2011-01-30",0.0204785817542564,0.000731377919794872,0.00123004468329138
"2011-02-06",0.0145018150265953,0.000615390674560316,0.000749171255986471
"2011-02-13",0.0152455327684395,0.000428245302484255,0.00095926947756473
"2011-02-20",0.0162277404200282,0.000287853488603604,0.000863560465810811
"2011-02-27",0.0100683346541485,0.000340657939426076,0.00147618440417966
"2011-03-06",0.0047381512589288,0.000158820712589792,0.00121762546318841
"2011-03-13",0.00254053268959136,0.000190539951719352,0.00146080629651503
"2011-03-20",0.000662441760372671,0,0.00126179382928128
"2011-03-27",0.000590911965641711,0,0.00177273589692513
"2011-04-03",0.000359514614849246,0,0.00227692589404523
"2011-04-10",0.000199560313026316,3.99120626052632e-05,0.00155657044160526
"2011-04-17",0.000196459557836735,0,0.00180742793209796
"2011-04-24",0.000230147060714286,0.000322205885,0.00216338237071429
"2011-05-01",3.2635732010582e-05,3.2635732010582e-05,0.000685350372222222
"2011-05-08",0,4.20698155804047e-05,0.000925535942768903
"2011-05-15",0,0,0.00100608831380952
"2011-05-22",0,8.98197412550607e-05,0.000808377671295547
"2011-05-29",0,0,0.000570107836669785
"2011-06-05",0,4.23210233888889e-05,0.000677136374222222
"2011-06-12",0,0,0.000736145230479452
"2011-06-19",0,0,0.000473505425132383
"2011-06-26",0.000149121621969286,3.72804054923216e-05,0.000671047298861789
"2011-07-03",6.92537176225235e-05,0.000138507435245047,0.000692537176225235
"2011-07-10",7.95545208644401e-05,0.00023866356259332,0.0003977726043222
"2011-07-17",0.000186715719491525,0.000448117726779661,0.000560147158474576
"2011-07-24",3.81790137618546e-05,0.000572685206427819,0.00110719139909378
"2011-07-31",0,0.000695947497802198,0.000822483406493507
"2011-08-07",7.10666172258064e-05,0.000710666172258064,0.000675132863645161
"2011-08-14",3.22460138662487e-05,0.000354706152528736,0.000709412305057471
"2011-08-21",3.19056387212787e-05,0.000606207135704296,0.000797640968031968
"2011-08-28",3.67034771926428e-05,0.000880883452623427,0.000403738249119071
"2011-09-04",3.52227567913938e-05,0.00158502405561272,0.000774900649410664
"2011-09-11",4.1954224516129e-05,0.00209771122580645,0.000335633796129032
"2011-09-18",3.54706961379928e-05,0.00212824176827957,0.000603001834345878
"2011-09-25",0,0.00292702878491461,0.000601444270872865
"2011-10-02",4.19770898322851e-05,0.00159512941362683,0.000419770898322851
"2011-10-09",0,0.00308125179893048,0.000320963729055258
"2011-10-16",0,0.00316588145682875,0.000162352895221987
"2011-10-23",0,0.00215257587892057,0.000490938358350305
"2011-10-30",0,0.00257761504434353,3.79061035932873e-05
"2011-11-06",0,0.00173561453457416,0.000204189945244019
"2011-11-13",0,0.00207430065617492,0.000281261105922023
"2011-11-20",0,0.00166835818824022,0.000523406490428305
"2011-11-27",0,0.00169585396419552,0.000346879219949084
"2011-12-04",0,0.00251583317748344,0.000539107109460738
"2011-12-11",0,0.00161982838792622,0.000869176208155533
"2011-12-18",4.01092076880223e-05,0.00168458672289694,0.00164447751520891
"2011-12-25",0,0.00113248756287113,0.00204926320900489
"2012-01-01",3.13297811906744e-05,0.00140984015358035,0.00219308468334721
"2012-01-08",5.48945215261757e-05,0.00104299590899734,0.00214088633952085
"2012-01-15",7.47051171219065e-05,0.00164351257668194,0.00395937120746104
"2012-01-22",7.83769679649708e-05,0.00159366501528774,0.00493774898179316
"2012-01-29",0.000146761827897977,0.00234818924636763,0.00587047311591909
"2012-02-05",0.000100093953367556,0.00360338232123203,0.00984257208114305
"2012-02-12",0.000305656804350608,0.00235355739349968,0.0101783715848752
"2012-02-19",0.000506120153652174,0.00280053151687536,0.0136989854921855
"2012-02-26",0.000135673158158996,0.00237428026778243,0.0117696464702929
"2012-03-04",0,0.00261886372932515,0.00878089603361963
"2012-03-11",5.23602065800416e-05,0.002513289915842,0.0086917942922869
"2012-03-18",0.00014105436251298,0.00536006577549325,0.00719377248816199
"2012-03-25",0,0.00620133722735731,0.00652772339721823
"2012-04-01",8.64680514660421e-05,0.00568527438389227,0.00373974322590632
"2012-04-08",7.45244656503198e-05,0.00556449343522388,0.00278224671761194
"2012-04-15",2.82186455921938e-05,0.0054744172448856,0.00141093227960969
"2012-04-22",2.60896545600514e-05,0.00688766880385356,0.000860958600481696
"2012-04-29",0.000152591965266712,0.0115206933776367,0.00141147567871708
"2012-05-06",0.000101567415687082,0.0102583089843953,0.000863323033340195
"2012-05-13",0.000159217624903165,0.0160013713027681,0.000477652874709495
"2012-05-20",0.000121417368185584,0.0212480394324772,0.000437102525468103
"2012-05-27",7.44653407580825e-05,0.0261621563863397,0.000248217802526942
"2012-06-03",0.000109593836034554,0.0198364843222542,6.57563016207322e-05
"2012-06-10",4.0756177818765e-05,0.0145499554812991,6.11342667281476e-05
"2012-06-17",0,0.00986919356797657,0.000200186482109058
"2012-06-24",4.87049935400226e-05,0.00913218628875423,2.43524967700113e-05
"2012-07-01",4.98208137936267e-05,0.00455030099315124,9.96416275872534e-05
"2012-07-08",4.64897463289474e-05,0.00388189381846711,2.32448731644737e-05
"2012-07-15",5.84507401889535e-05,0.00397465033284884,0
"2012-07-22",6.57921705220588e-05,0.00175445788058824,0
"2012-07-29",8.75712355936255e-05,0.00189737677119522,0.000145952059322709
"2012-08-05",3.66281896290801e-05,0.00130030073183234,1.83140948145401e-05
"2012-08-12",0,0.000715763129702517,0
"2012-08-19",0,0.000975172631868852,0
"2012-08-26",2.63426110448916e-05,0.00108004705284056,0
"2012-09-02",0,0.000705484879036145,2.35161626345382e-05
"2012-09-09",3.31754275106202e-05,0.000398105130127443,1.65877137553101e-05
"2012-09-16",3.06537278257261e-05,0.000459805917385892,3.06537278257261e-05
"2012-09-23",0,0.00101433474698957,2.47398718777943e-05
"2012-09-30",3.10925937429264e-05,0.000373111124915117,0
"2012-10-07",9.64578109184549e-05,0.00025722082911588,3.2152603639485e-05
"2012-10-14",0.000117787087704485,0.000294467719261214,2.94467719261214e-05
"2012-10-21",5.490666707173e-05,0.00016472000121519,8.23600006075949e-05
"2012-10-28",3.52982428202765e-05,0.000247087699741936,3.52982428202765e-05
"2012-11-04",0.000100107789028846,3.33692630096154e-05,3.33692630096154e-05
"2012-11-11",7.51847718246446e-05,0.000150369543649289,0
"2012-11-18",5.38442220753138e-05,0.000107688444150628,8.07663331129707e-05
"2012-11-25",5.13345793409962e-05,0.000205338317363985,0
"2012-12-02",2.72052215435685e-05,0.000272052215435685,0.000108820886174274
"2012-12-09",0.000226218753507522,0.000763488293087886,8.48320325653207e-05
"2012-12-16",0.000248529169170836,0.000773201859642602,8.28430563902788e-05
"2012-12-23",0.000975565425369596,0.000459089611938633,0.000114772402984658
"2012-12-30",0.000466547530959214,0.000686099310234139,2.74439724093656e-05
"2013-01-06",0.000474261100783034,0.000781135930701468,2.78977118107667e-05
"2013-01-13",0.000698120172910864,0.000930826897214485,0.000139624034582173
"2013-01-20",0.000975133847603306,0.000673306704297521,9.28698902479339e-05
"2013-01-27",0.00125336547555556,0.00100814179555556,0.00024522368
"2013-02-03",0.00156307074471228,0.000948092091054987,0.000153744663414322
"2013-02-10",0.00115534919004224,0.000356589256185878,2.85271404948702e-05
"2013-02-17",0.00114539910709655,0.0004100811618,2.82814594344828e-05
"2013-02-24",0.00305882015584039,0.000580121064038694,0.00013184569637243
"2013-03-03",0.00339941801970303,0.000788664980571102,0.000135976720788121
"2013-03-10",0.00373067716260177,0.000953706943823009,0.000168301225380531
"2013-03-17",0.00328389771380952,0.000601277046190476,0.000208134362142857
"2013-03-24",0.00284391874634103,0.0010136740085968,0.000253418502149201
"2013-03-31",0.00354719238100067,0.000931585877838559,0.000250811582494997
"2013-04-07",0.00278851638276129,0.00107738132970323,0.000190126117006452
"2013-04-14",0.00203689657691615,0.000329195406370287,0.000267471267675858
"2013-04-21",0.002618681182014,0.000752174382067851,0.000139291552234787
"2013-04-28",0.00128461894390244,0.000148941326829268,7.44706634146341e-05
"2013-05-05",0.000817988631774481,0.000311614716866469,0.000194759198041543
"2013-05-12",0.000853079647278911,0.000440299172789116,2.75186982993197e-05
"2013-05-19",0.00086959257222973,0.000347837028891892,0.000231891352594595
"2013-05-26",0.00099760147329588,0.000230215724606742,0.000127897624781523
"2013-06-02",0.000564390513188679,0.000241881648509434,0.000188130171062893
"2013-06-09",0.000538322059508409,0.000565238162483829,0.000134580514877102
"2013-06-16",0.000580674368701215,0.000479687521970569,0.000176726981778631
"2013-06-23",0.00093213219848036,0.000750884270998068,0.000129462805344495
"2013-06-30",0.000765210791675393,0.000683223921138743,0.000273289568455497
"2013-07-07",0.00112288937538803,0.00134022280288248,0.000144888951662971
"2013-07-14",0.000580695653647059,0.00137915217741176,0.000145173913411765
"2013-07-21",0.000559785042528736,0.00207120465735632,8.39677563793104e-05
"2013-07-28",0.00040377899136921,0.00206639836759537,2.37517053746594e-05
"2013-08-04",0.000684297203931515,0.00255470956134432,4.56198135954344e-05
"2013-08-11",0.000428663099269898,0.00302320291064033,9.02448630041891e-05
"2013-08-18",0.000459430866606171,0.00323789372655777,0.000131265961887477
"2013-08-25",0.000347891133920792,0.00297045506655445,0.000133804282277228
"2013-09-01",0.000373517052186474,0.00258793957586343,0.000133398947209455
"2013-09-08",0.00021558560459203,0.0033056459370778,0.000335355384920936
"2013-09-15",0.000341766809833333,0.003777422635,0.000251828175666667
"2013-09-22",0.000157165682212817,0.00523885607376058,0.000419108485900846
"2013-09-29",0.000120697087263768,0.00239669930423768,0.000534515672168116
"2013-10-06",0,0.00382220346744749,0.000663357626581795
"2013-10-13",0.000222447180404858,0.00280839565261134,0.000556117951012146
"2013-10-20",6.08806411878248e-05,0.00136981442672606,0.000273962885345212
"2013-10-27",0,0.000829576890236899,0.000138262815039483
"2013-11-03",8.70544180327869e-05,0.000812507901639344,0.000406253950819672
"2013-11-10",2.41222457259159e-05,0.000530689405970149,0.000434200423066486
"2013-11-17",0.000103690653598775,0.000725834575191424,0.000129613316998469
"2013-11-24",2.31671117704011e-05,0.000579177794260028,0.000185336894163209
"2013-12-01",0.000209867461264724,0.000326460495300682,0.000209867461264724
"2013-12-08",0.000138310673436533,0.000328487849411765,0.000363065517770898
"2013-12-15",0.000259082167434961,0.00037998717890461,0.000725430068817891
"2013-12-22",0.000520309494257007,0.000732287436361713,0.00102134826650449
"2013-12-29",0.000786248771134826,0.00127547022872983,0.000716359991478397
"2014-01-04",0.00193391866913124,0.00230822550831793,0.00133086876155268
"2014-01-11",0.00417661691542289,0.00254228855721393,0.00197935323383085
"2014-01-18",0.00570962288686606,0.00330195058517555,0.00238474208929345
"2014-01-25",0.005960988798764,0.00330297412128235,0.00248211664735419
"2014-02-01",0.00579383408071749,0.00308643497757848,0.00323082959641256
"2014-02-08",0.00770644312952005,0.0034620315581854,0.00395101906640368
"2014-02-15",0.00555544822256569,0.00230448222565688,0.00248280525502318
"2014-02-22",0.00706606460576589,0.00337728377908996,0.00437735324765544
"2014-03-01",0.00683098542678695,0.00295843164469119,0.00483653712699514
"2014-03-08",0.00341315580286169,0.0019525039745628,0.00433724165341812
"2014-03-15",0.00277295519934238,0.00177287299630086,0.00654599260172626
"2014-03-22",0.00221464943204074,0.00120799059929495,0.00601981981981982
"2014-03-29",0.0011511251480458,0.0010001579155152,0.00560465850769838
"2014-04-05",0.000951143641354071,0.00082708142726441,0.00390795974382434
"2014-04-12",0.000650705329153605,0.000907562695924765,0.00335626959247649
"2014-04-19",0.0004932005197055,0.000398354265915981,0.00305404937202252
"2014-04-26",0.000154810622551154,0.000420200261210274,0.00329525468001741
"2014-05-03",0.000106155950752394,0.000442316461468308,0.00207004103967168
"2014-05-10",4.3248836006208e-05,0.000627108122090016,0.00136233833419555
"2014-05-17",0.00024293903074518,0.00019088066701407,0.00100646169880146
"2014-05-24",0.000128701825557809,0.000815111561866126,0.00130846855983773
"2014-05-31",0.000145269286754003,0.00193692382338671,0.00130742358078603
"2014-06-07",0.000318011257035647,0.00312711069418386,0.00212007504690432
"2014-06-14",0.000255061841502519,0.00405973431058177,0.00136032982134677
"2014-06-21",0.000118896484375,0.00385224609375,0.0014267578125
"2014-06-28",4.56986301369863e-05,0.00326745205479452,0.000776876712328767
"2014-07-05",5.19014461703267e-05,0.00295838243170862,0.000242206748794858
"2014-07-12",4.1439588688946e-05,0.00350164524421594,0.000352236503856041
"2014-07-19",6.31496881496882e-05,0.00290488565488566,0.00069464656964657
"2014-07-26",0,0.00186568287037037,0.000326041666666667
"2014-08-02",1.33996489174956e-05,0.00128636629607958,0.000388589818607373
"2014-08-09",9.92135511191772e-06,0.000754022988505747,0.000119056261343013
"2014-08-16",2.5823111684958e-05,0.000277598450613299,7.10135571336346e-05
"2014-08-23",4.12162162162162e-05,0.0007625,0.000226689189189189
"2014-08-30",3.67521367521368e-05,0.000900427350427351,0.000165384615384615
"2014-09-06",1.8058568329718e-05,0.000595932754880694,0.000144468546637744
"2014-09-13",2.44588744588745e-05,0.000562554112554113,0.000464718614718615
"2014-09-20",2.28322216521293e-05,0.000502308876346845,0.000342483324781939
"2014-09-27",3.73676248108926e-05,0.000112102874432678,0.000174382249117499
"2014-10-04",0.000123012552301255,0.00024602510460251,0.000184518828451883
"2014-10-11",2.96176628971459e-05,8.88529886914378e-05,7.40441572428648e-05
"2014-10-18",7.60800842992624e-05,0.00017118018967334,7.60800842992624e-05
"2014-10-25",8.54757929883139e-05,6.41068447412354e-05,8.54757929883139e-05
"2014-11-01",2.16106014271152e-05,0.000129663608562691,4.32212028542304e-05
"2014-11-08",0,8.41140529531568e-05,2.10285132382892e-05
"2014-11-15",0,5.09933774834437e-05,1.69977924944812e-05
"2014-11-22",0,0.000239153187440533,0.000152188392007612
"2014-11-29",0,0.00034696261682243,4.62616822429907e-05
"2014-12-06",0,0.000551638141809291,5.70660146699266e-05
"2014-12-13",1.69138090824838e-05,0.00104865616311399,0.000169138090824838
"2014-12-20",0,0.00164837758112094,6.42225031605563e-05
"2014-12-27",0.000261322645290581,0.00260016032064128,7.83967935871744e-05
"2015-01-03",0,0.00575317693059629,0.000257412838057999
"2015-01-10",4.63742166517457e-05,0.0107897344076395,0.000479200238734706
"2015-01-17",5.12087264150943e-05,0.016284375,0.000648643867924528
"2015-01-24",8.04171494785632e-05,0.0242538122827346,0.000643337195828505
"2015-01-31",0.000176691729323308,0.0229345864661654,0.000471177944862155
"2015-02-07",0.000102389781623403,0.0237251751133086,0.000716728471363824
"2015-02-14",8.85161290322581e-05,0.017836,0.00078189247311828
"2015-02-21",3.14151642380835e-05,0.00498977525314893,0.000293208199555446
"2015-02-28",0.00010337293169283,0.00911561306745863,0.000639032668646585
"2015-03-07",0.000304559710494572,0.00894644149577804,0.0011167189384801
"2015-03-14",0.000182842105263158,0.00585094736842105,0.000883736842105263
"2015-03-21",0.00015304177864647,0.00431067676520889,0.000773711214268263
"2015-03-28",0.000154230769230769,0.00447269230769231,0.00118978021978022
"2015-04-04",0.000104987350921576,0.00295464401879292,0.00125984821105891
"2015-04-11",0.000112876171682289,0.00290399605328071,0.00143660582141095
"2015-04-18",3.79236641221374e-05,0.0018203358778626,0.00147902290076336
"2015-04-25",7.58163595215002e-05,0.00231998060135791,0.001819592628516
"2015-05-02",0.000197658079625293,0.00156714620274339,0.00151067246570759
"2015-05-09",0.000161129905277402,0.00131833558863329,0.00117185385656292
"2015-05-16",0.000134921739130435,0.00158907826086957,0.00116932173913043
"2015-05-23",0.000188334529791816,0.00278316582914573,0.0015694544149318
"2015-05-30",6.88491393857577e-05,0.00318427269659129,0.00163516706041174
"2015-06-06",0,0.00539388672460294,0.0014960143841774
"2015-06-13",4.61598951507208e-05,0.00972435124508519,0.00178484927916121
"2015-06-20",0.00012183908045977,0.0118793103448276,0.00166005747126437
"2015-06-27",0.000115418502202643,0.0112981889378365,0.00117983357807146
"2015-07-04",0.000220235294117647,0.0109016470588235,0.000978823529411765
"2015-07-11",0.000106578947368421,0.00737763157894737,0.000615789473684211
"2015-07-18",7.65850596359071e-05,0.00632592592592593,0.000673948524795982
"2015-07-25",6.31936985320444e-05,0.00308385248836377,0.000480272108843537
"2015-08-01",3.36548767416935e-05,0.00173883529832083,0.000325330475169703
"2015-08-08",8.69565217391304e-05,0.00191304347826087,0.000372670807453416
"2015-08-15",2.07422823447797e-05,0.00109934096427333,0.000477072493929934
"2015-08-22",2.3162754905733e-05,0.00114655636783378,0.000474836475567526
"2015-08-29",3.20405944182675e-05,0.00171417180137731,0.00038448713301921
"2015-09-05",0,0.000766733306677329,0.000195441823270692
"2015-09-12",0,0.000869201948295242,0.000121993255901087
"2015-09-19",5.04442925495557e-05,0.000622146274777854,0.000218591934381408
"2015-09-26",1.36652542372881e-05,0.000355296610169492,9.5656779661017e-05
"2015-10-03",3.59567325624767e-05,0.00043148079074972,0.000197762029093622
"2015-10-10",8.77400295420975e-05,0.000146233382570162,0.000160856720827179
"2015-10-17",0,0.00027646416878865,6.91160421971626e-05
"2015-10-24",1.46712802768166e-05,0.000190726643598616,0.000132041522491349
"2015-10-31",5.85709378220543e-05,0.000175712813466163,4.68567502576434e-05
"2015-11-07",2.64977747346799e-05,0.000225231085244779,0.000145737761040739
"2015-11-14",0.000182940756602427,0.000149678800856531,0.000216202712348323
"2015-11-21",2.98194945848375e-05,5.96389891696751e-05,0.000149097472924188
"2015-11-28",0.000228868194842407,0.000106805157593123,0.000228868194842407
"2015-12-05",0.000125687769307259,9.42658269804441e-05,0.000157109711634074
"2015-12-12",6.37439109255393e-05,0.000111551844119694,0.000159359777313848
"2015-12-19",0.000206564835879103,0.000162300942476438,0.000309847253818654
"2015-12-26",0.000358013613861386,0.00012345297029703,0.000370358910891089
"2016-01-02",0.000724647887323944,0.000192253521126761,0.000517605633802817
"2016-01-09",0.00105852059925094,0.000124531835205992,0.000572846441947565
"2016-01-16",0.0018218992248062,0.000232202842377261,0.000910949612403101
"2016-01-23",0.00338689024390244,0.000273475609756098,0.0011780487804878
"2016-01-30",0.00258490245971162,0.000124710206389596,0.000759598529827538
"2016-02-06",0.00552320203303685,0.000746378653113088,0.00211700127064803
"2016-02-13",0.00852279929577465,0.000710233274647887,0.00293723591549296
"2016-02-20",0.0076125,0.000505555555555556,0.00326666666666667
"2016-02-27",0.0116041540633192,0.000750857027626538,0.00505122000403307
"2016-03-05",0.0119020939334638,0.000724755381604697,0.0081172602739726
"2016-03-12",0.00715433240163406,0.000377338206837239,0.00763732530638572
"2016-03-19",0.00516964916411585,0.000328231692959736,0.00723750882976219
"2016-03-26",0.00504557235421166,0.000332675100277692,0.00678287565566183
"2016-04-02",0.00481137872179025,0.000388014413047601,0.00739814147544092
"2016-04-09",0.00377275787448906,0.000306275547006492,0.00572178408271219
"2016-04-16",0.00421142506142506,0.000273095823095823,0.00501633906633907
"2016-04-23",0.00361258503401361,0.000365646258503401,0.00501666666666667
"2016-04-30",0.0024863196683556,0.00034076462459696,0.00475808383233533
"2016-05-07",0.00160941000746826,0.000214588000995768,0.00285402041324371
"2016-05-14",0.00121292576419214,0.000265327510917031,0.00247639010189229
"2016-05-21",0.000829492273730684,0.000207373068432671,0.00234708609271523
"2016-05-28",0.00037655300026434,0.000236690457309014,0.00168910917261433
"2016-06-04",0.000303993694167105,0.000222149238045192,0.000876904887020494
"2016-06-11",0.000217070217917676,8.88014527845036e-05,0.000710411622276029
"2016-06-18",3.63274064990803e-05,0.00038749233599019,0.000557020232985898
"2016-06-25",7.90159189580318e-05,0.000605788712011577,0.000592619392185239
"2016-07-02",4.93963782696177e-05,0.00174533869885983,0.000625687458081824
"2016-07-09",3.49854227405248e-05,0.000921282798833819,0.000338192419825073
"2016-07-16",1.40605686032138e-05,0.00115296662546354,0.000253090234857849
"2016-07-23",1.68746101060512e-05,0.00178870867124142,0.000269993761696818
"2016-07-30",7.95858945325138e-05,0.00162355224846328,0.000238757683597541
"2016-08-06",5.06095551894563e-05,0.00097001647446458,5.90444810543657e-05
"2016-08-13",8.61083743842364e-05,0.00149254515599343,0.000243973727422003
"2016-08-20",4.97715289982425e-05,0.00139360281195079,0.000161757469244288
"2016-08-27",8.49315068493151e-05,0.00300091324200913,0.000141552511415525
"2016-09-03",0.000100165289256198,0.00337223140495868,0.000183636363636364
"2016-09-10",1.52631578947368e-05,0.00352578947368421,4.57894736842105e-05
"2016-09-17",4.29987980769231e-05,0.00667914663461539,0.000143329326923077
"2016-09-24",9.48639715230104e-05,0.00738583778286295,4.06559877955759e-05
"2016-10-01",1.71080669710807e-05,0.00689455098934551,6.84322678843227e-05
"2016-10-08",2.79742765273312e-05,0.00629421221864952,4.19614147909968e-05
"2016-10-15",0,0.00500357249181304,5.83506996129801e-05
"2016-10-22",1.52657004830918e-05,0.00412173913043478,9.15942028985507e-05
"2016-10-29",2.88941736028537e-05,0.00410297265160523,5.77883472057075e-05
"2016-11-05",1.45161290322581e-05,0.00416612903225807,1.45161290322581e-05
"2016-11-12",1.40052739525344e-05,0.00378142396718429,1.40052739525344e-05
"2016-11-19",0,0.00383355629877369,4.5819397993311e-05
"2016-11-26",1.33949191685912e-05,0.00298706697459584,1.33949191685912e-05
"2016-12-03",2.6768968456948e-05,0.00282412617220801,6.692242114237e-05
"2016-12-10",1.38911676237353e-05,0.00268099535138091,2.77823352474706e-05
"2016-12-17",1.27575277337559e-05,0.00220705229793978,0.000216877971473851
"2016-12-24",2.53486464315012e-05,0.00126743232157506,5.91468416735029e-05
"2016-12-31",2.01824401368301e-05,0.00206870011402509,7.06385404789054e-05
"2017-01-07",0.000129944400317712,0.00229568440561292,8.66296002118083e-05
"2017-01-14",0.000175918979744936,0.00233720930232558,0.000184296074018505
"2017-01-21",0.000166772486772487,0.00300190476190476,3.12698412698413e-05
"2017-01-28",0.000276443418013857,0.00300632217090069,0.00021885103926097
"2017-02-04",0.000223269012485812,0.00204131668558456,0.000127582292849035
"2017-02-11",0.000297880116959064,0.00377711988304094,0.000166812865497076
"2017-02-18",0.000239486813970064,0.00455024946543122,0.000292706105963412
"2017-02-25",0.000264244387873177,0.00414383244619301,0.000336311039111317
"2017-03-04",0.000398488910553254,0.00437009505240068,0.000265659273702169
"2017-03-11",0.000223969682614874,0.00431141639033633,0.00039194694457603
"2017-03-18",0.000264914806815455,0.00355543556515479,0.000432229421646268
"2017-03-25",0.000503272283272283,0.00299242979242979,0.000421660561660562
"2017-04-01",0.000379251700680272,0.00162536443148688,0.000476773566569485
"2017-04-08",0.000487634671890304,0.00214559255631734,0.000515499510284035
"2017-04-15",0.000367270455965022,0.00151805121798876,0.0005631480324797
"2017-04-22",0.000536134114320339,0.00155734195112099,0.000434013330640275
"2017-04-29",0.00161783181357649,0.00283120567375887,0.000492933130699088
"2017-05-06",0.00190706139286581,0.00313021111380733,0.000670759524387285
"2017-05-13",0.00153673322107289,0.00382963675727688,0.000658599951888381
"2017-05-20",0.00159470911589556,0.00537098030233623,0.000510306917086578
"2017-05-27",0.00109383499546691,0.00542311876699909,0.000598730734360834
"2017-06-03",0.00127277765934769,0.00673263696439991,0.000689916862076316
"2017-06-10",0.000954398563734291,0.00536849192100539,0.000347957809694794
"2017-06-17",0.000930232558139535,0.00693023255813953,0.000441860465116279
"2017-06-24",0.000748344967349696,0.0105800495383923,0.00045158748029723
"2017-07-01",0.00108881834937538,0.0194884702027442,0.000468605365553963
"2017-07-08",0.000942727124979685,0.0196903624248334,0.000660880871119779
"2017-07-15",0.0010475344291426,0.0248304457278247,0.0007080556789575
"2017-07-22",0.00113946483404006,0.0278833747623922,0.00058090364088317
"2017-07-29",0.000447769106169931,0.0247978795464585,0.000362479752613754
"2017-08-05",0.000233699059561129,0.0154797805642633,0.000411755485893417
"2017-08-12",0.000257109237105315,0.00952422043537949,0.000357717199450873
"2017-08-19",0.000548845315904139,0.00571032679738562,0.000525490196078431
"2017-08-26",0.000310275272899858,0.0037108922638823,0.000620550545799715
"2017-09-02",0.000168891786179922,0.00120211212516297,0.000427196870925685
"2017-09-09",0.000283518812930578,0.000782511923688394,0.000430948595654478
"2017-09-16",0.000300914483440435,0.000686085022244192,0.000710158180919427
"2017-09-23",8.03056027164686e-05,0.00056213921901528,0.000596555905893767
"2017-09-30",9.78963571062083e-05,0.00023930220625962,0.000489481785531042
"2017-10-07",0.000110674157303371,0.000143876404494382,0.000354157303370787
"2017-10-14",6.20114643043252e-05,0.000230328295987494,0.000434080250130276
"2017-10-21",2.39255406515193e-05,0.000311032028469751,0.000490473583356146
"2017-10-28",8.38410991636798e-05,0.000203614097968937,0.000598864994026284
"2017-11-04",8.15631742987293e-05,0.000244689522896188,0.000561879645169024
"2017-11-11",2.25134926754048e-05,0.00023639167309175,0.000607864302235929
"2017-11-18",8.35978835978836e-05,0.00011494708994709,0.000501587301587302
"2017-11-25",0.000164930460867194,0.000106026724843196,0.000683283337878375
"2017-12-02",0.000102689873417722,0.000214715189873418,0.000644145569620253
"2017-12-09",9.59814528593509e-05,0.000159969088098918,0.000906491499227202
"2017-12-16",0.000186419149975574,0.000186419149975574,0.00107708842208109
"2017-12-23",0.000122521419828641,0.000226193390452876,0.00162105263157895
"2017-12-30",0.000292208942009739,0.0002423196104471,0.00244457724656928
"2018-01-06",0.000678601875532822,0.00062770673486786,0.00447877237851662
"2018-01-13",0.000973712047012733,0.000645367286973555,0.00771044074436827
"2018-01-20",0.00174609810479376,0.00115105908584169,0.0131298773690078
"2018-01-27",0.00166559111346205,0.000974980163977784,0.017072308912986
"2018-02-03",0.0017833491012299,0.000845817002297608,0.0152043249087715
"2018-02-10",0.00230550898203593,0.000666035928143713,0.0137818203592814
"2018-02-17",0.00127244542866182,0.000374248655488769,0.00800892122745967
"2018-02-24",0.00248943764266445,0.000476447395725254,0.0117801618593069
"2018-03-03",0.00253063968491104,0.000377319027570284,0.0069218525057721
"2018-03-10",0.00206832941176471,0.000252235294117647,0.00436367058823529
"2018-03-17",0.00208275862068966,0.000280371352785146,0.00344456233421751
"2018-03-24",0.00151723184666421,0.000262440103206782,0.0021979358643568
"2018-03-31",0.000675150451354062,0.000144032096288867,0.00121527081243731
"2018-04-07",0.000287875150060024,8.97273194992283e-05,0.000426204767621334
"2018-04-14",0.000434776815456362,0.000156073728625361,0.000261980901621141
"2018-04-21",0.00050933147632312,0.000153760445682451,0.000163370473537604
"2018-04-28",0.000758279668813247,0.000227483900643974,0.000216651333946642
"2018-05-05",0.000595177664974619,0.000162321181356714,0.000259713890170743
"2018-05-12",0.000408085612366231,0.000142829964328181,0.000183638525564804
"2018-05-19",0.000336336336336336,0.000144144144144144,2.88288288288288e-05
"2018-05-26",0.000275951761645779,0.000183967841097186,7.35871364388744e-05
"2018-06-02",0.000291740061890026,0.00010940252320876,3.64675077362533e-05
"2018-06-09",0.000381818181818182,0.000146853146853147,3.91608391608392e-05
"2018-06-16",0.000333349585568016,4.65138956606533e-05,3.10092637737689e-05
"2018-06-23",0.000388184364654953,6.29488158899924e-05,1.04914693149987e-05
"2018-06-30",0.000158268506900878,0.000102409033877039,3.72396486825596e-05
"2018-07-07",0.000283389830508475,0.000370586701434159,8.71968709256845e-05
"2018-07-14",0.000905665280665281,0.000213097713097713,3.1964656964657e-05
